sid,Reference_Number
4860,83797
4861,83797
4862,83797
4863,83797
4865,83797
4866,83797
4867,83797
4868,83797
4869,83797
4874,83797
4876,83797
4878,83797
4880,83797
4881,83797
4883,83797
4884,83797
4885,83797
4890,83797
15300,84093
15301,84093
15302,84093
15303,84093
15304,84093
15305,84093
15306,84093
15309,84093
15311,84093
15312,84093
15314,84093
15315,84093
15318,84093
15319,84093
15321,84093
15325,84093
15326,84093
15329,84093
15330,84093
15333,84093
15334,84093
15335,84093
15336,84093
15337,84093
15339,84093
15340,84093
15343,84093
15344,84093
15345,84093
15346,84093
15347,84093
15349,84093
15352,84093
15354,84093
15356,84093
15358,84093
15359,84093
15361,84093
15364,84093
15366,84093
15367,84093
