Reference_Number,sid
83721,83
83834,103
83901,142
83918,151
83951,190
84091,221
84217,230
87856,312
87857,318
84051,480
83846,518
83822,526
83801,662
83925,663
83896,671
83905,718
84052,738
87858,772
90388,782
84330,812
83802,846
83841,868
83710,894
83871,949
83886,965
83872,1029
83839,1074
84242,1097
87859,1185
83868,1216
83856,1222
83857,1254
83898,1320
83924,1338
83926,1359
83919,1391
83858,1485
83859,1614
83889,1763
83823,1856
83720,1905
84053,1930
84092,1941
83955,1972
83946,1984
83947,2004
88081,2035
90582,2063
83724,2143
88594,2179
88160,2210
88161,2219
87917,2397
87918,2440
87919,2459
87920,2582
87845,2586
88162,2619
83928,2686
83804,2716
83805,2755
83806,2815
83807,2863
83792,2902
83797,2904
83835,2912
83848,2996
83906,3019
83867,3143
83882,3149
84261,3175
84300,3288
84113,3365
83950,3397
83963,3434
83965,3459
84110,3478
90620,3503
89902,3570
88840,3597
84245,3631
83887,3647
83922,3679
83843,3731
83824,3766
83881,3893
83929,3906
83849,4008
83780,4046
83808,4122
84246,4208
84262,4274
84263,4327
84244,4342
83825,4405
83913,4421
83876,4450
83860,4529
83850,4641
83779,4699
83831,4700
83809,4759
83884,4856
84054,4870
84111,4903
84112,4929
84247,5008
83914,5034
83930,5164
83810,5268
83778,5310
83811,5333
83812,5365
83826,5587
83851,5655
83931,5685
83893,5700
84248,5787
84201,5849
90586,5892
90587,5901
83861,5939
83813,6142
83799,6164
83927,6246
83932,6346
83842,6378
87932,6421
87933,6466
87928,6475
87929,6530
87930,6655
87942,6675
87943,6689
87944,6789
87945,6843
87946,6854
87947,6855
87949,6862
88905,6885
88906,6912
88478,6918
88479,6919
88480,6941
88481,6975
88482,7035
88483,7104
88484,7118
88485,7159
88486,7227
88487,7238
88488,7242
88489,7278
88495,7428
88496,7509
88497,7555
88498,7623
88499,7657
88500,7678
87937,7715
84154,7765
84155,7782
84127,7795
84108,7797
84042,7876
84043,7877
83961,7882
83956,7889
83957,7907
83958,7967
83959,8003
83774,8018
83775,8099
83776,8104
83962,8129
83862,8241
83921,8270
83960,8340
83814,8349
83863,8577
83815,8794
84046,8918
89176,8968
84140,8982
84243,8983
89177,8988
84153,9033
83816,9100
83793,9136
84237,9149
83952,9186
84236,9206
83923,9287
89600,9305
87939,9364
87966,9434
87967,9450
87968,9490
87959,9520
87962,9553
87970,9643
88448,9731
88449,9780
88452,9834
88438,9861
88439,9980
87954,9989
87956,10022
87948,10055
88468,10163
87972,10172
87974,10185
88514,10279
88027,10283
87980,10369
87981,10374
87983,10398
88437,10434
88473,10501
87984,10511
87986,10517
87987,10538
88436,10693
87989,10699
87990,10713
87992,10765
87993,10847
88459,10849
88460,10911
88591,10923
87998,10935
88458,11004
88000,11005
88001,11040
88032,11077
88592,11128
88979,11167
89901,11183
88516,11197
88517,11216
88970,11230
88971,11266
88028,11273
88029,11297
88082,11320
88470,11408
88471,11473
88472,11487
88002,11529
87999,11563
88008,11625
88016,11649
88004,11677
87996,11699
87994,11733
87991,11771
87988,11797
88457,11843
87985,11845
87982,11854
87976,11918
89344,12012
88447,12032
89539,12055
88440,12079
88513,12137
89879,12248
89515,12249
89900,12271
90411,12328
88462,12335
88463,12352
88464,12353
88465,12354
88466,12361
88467,12428
87973,12486
87971,12506
87965,12510
87969,12514
87958,12575
87952,12690
87938,12701
87922,12752
88005,12774
88083,12799
88986,12857
87916,12939
87914,13007
87913,13089
88904,13106
88920,13230
88921,13267
89116,13278
89949,13312
84151,13355
83944,13430
83978,13705
83979,13719
83907,13747
83899,13883
83900,13900
83866,13995
83873,13999
83788,14064
83783,14077
83785,14103
83844,14112
83828,14182
83894,14199
83791,14212
84214,14263
83786,14282
83840,14334
83838,14371
83895,14377
83890,14478
83892,14484
83915,14509
83833,14532
83980,14538
88084,14567
83989,14681
83853,14741
84082,14777
84215,14832
84083,14833
83939,14862
83969,14869
84209,14957
83916,14989
83904,14996
83953,15053
83940,15055
83941,15072
84084,15093
83983,15172
83908,15182
83909,15223
83903,15246
83864,15262
83800,15310
89953,15400
89103,15428
83784,15467
83865,15486
83888,15507
83880,15536
83982,15576
83974,15635
84197,15640
83971,15644
88917,15691
83973,15699
83986,15747
84152,15763
83897,15861
83854,15904
90244,16014
90538,16036
83855,16038
83818,16040
83933,16057
83891,83
83967,103
83975,142
84301,151
83911,190
83917,221
83949,230
89032,312
89033,318
83948,480
83945,518
83970,526
83885,662
83829,663
83830,671
83977,718
83981,738
83972,772
83869,782
83845,812
88849,846
88918,868
88919,894
84254,949
84259,965
84114,1029
84115,1074
84104,1097
84156,1185
84157,1216
84345,1222
83964,1254
83990,1320
83991,1338
83992,1359
84044,1391
84045,1485
83847,1614
83836,1763
83819,1856
83820,1905
83709,1930
83935,1941
83936,1972
83937,1984
83938,2004
90343,2035
90339,2063
90340,2143
89596,2179
89881,2210
89882,2219
84109,2397
84093,2440
84094,2459
84095,2582
84096,2586
84097,2619
84098,2686
84099,2716
84100,2755
84342,2815
84311,2863
84141,2902
84142,2904
84221,2912
83821,2996
83832,3019
83852,3143
84218,3149
83837,3175
83883,3288
83879,3365
83875,3397
83827,3434
83798,3459
83726,3478
83902,3503
84208,3570
83988,3597
83976,3631
84216,3647
83912,3679
83934,3731
83942,3766
83954,3893
83878,3906
89102,4008
